mean,std
0.49146116,0.20060529
0.48242396,0.19888674
0.44695595,0.20089103
